policy,num_agents,scenario,metric,n,estimate,ci_low,ci_high
distributed_cbf,3,dense,team_success,100,0.57,0.47,0.67
distributed_cbf,3,dense,collision,100,0.05,0.01,0.09024999999999864
distributed_cbf,3,dropout,team_success,100,0.17,0.1,0.25
distributed_cbf,3,dropout,collision,100,0.49,0.39,0.59
distributed_cbf,3,dynamic,team_success,100,0.1,0.05,0.16
distributed_cbf,3,dynamic,collision,100,0.14,0.08,0.21
distributed_cbf,3,static,team_success,100,0.0,0.0,0.0
distributed_cbf,3,static,collision,100,0.0,0.0,0.0
distributed_cbf,3,wind,team_success,100,0.32,0.23,0.41
distributed_cbf,3,wind,collision,100,0.46,0.36,0.56
distributed_cbf,5,dense,team_success,100,0.23,0.15,0.32
distributed_cbf,5,dense,collision,100,0.1,0.05,0.17
distributed_cbf,5,dropout,team_success,100,0.06,0.02,0.11
distributed_cbf,5,dropout,collision,100,0.72,0.63,0.81
distributed_cbf,5,dynamic,team_success,100,0.01,0.0,0.03
distributed_cbf,5,dynamic,collision,100,0.38,0.29,0.4702499999999986
distributed_cbf,5,static,team_success,100,0.0,0.0,0.0
distributed_cbf,5,static,collision,100,0.02,0.0,0.05
distributed_cbf,5,wind,team_success,100,0.18,0.11,0.26
distributed_cbf,5,wind,collision,100,0.69,0.59975,0.77
distributed_cbf,7,dense,team_success,100,0.02,0.0,0.05
distributed_cbf,7,dense,collision,100,0.28,0.19,0.36
distributed_cbf,7,dropout,team_success,100,0.0,0.0,0.0
distributed_cbf,7,dropout,collision,100,0.92,0.86,0.97
distributed_cbf,7,dynamic,team_success,100,0.01,0.0,0.03
distributed_cbf,7,dynamic,collision,100,0.44,0.34,0.54
distributed_cbf,7,static,team_success,100,0.0,0.0,0.0
distributed_cbf,7,static,collision,100,0.02,0.0,0.05
distributed_cbf,7,wind,team_success,100,0.07,0.03,0.12
distributed_cbf,7,wind,collision,100,0.8,0.72,0.87
distributed_cbf,10,dense,team_success,100,0.01,0.0,0.03
distributed_cbf,10,dense,collision,100,0.44,0.34,0.54
distributed_cbf,10,dropout,team_success,100,0.01,0.0,0.03
distributed_cbf,10,dropout,collision,100,0.9,0.84,0.9502499999999986
distributed_cbf,10,dynamic,team_success,100,0.0,0.0,0.0
distributed_cbf,10,dynamic,collision,100,0.6,0.5,0.7
distributed_cbf,10,static,team_success,100,0.0,0.0,0.0
distributed_cbf,10,static,collision,100,0.09,0.04,0.15
distributed_cbf,10,wind,team_success,100,0.01,0.0,0.03
distributed_cbf,10,wind,collision,100,0.94,0.89,0.98
gcbf_local,3,dense,team_success,500,0.656,0.396,0.818
gcbf_local,3,dense,collision,500,0.034,0.006,0.074
gcbf_local,3,dropout,team_success,500,0.366,0.2,0.532
gcbf_local,3,dropout,collision,500,0.296,0.20995,0.39004999999999973
gcbf_local,3,dynamic,team_success,500,0.298,0.11195000000000001,0.5300499999999998
gcbf_local,3,dynamic,collision,500,0.126,0.066,0.18804999999999972
gcbf_local,3,static,team_success,500,0.148,0.02,0.372
gcbf_local,3,static,collision,500,0.002,0.0,0.008
gcbf_local,3,wind,team_success,500,0.398,0.28,0.52
gcbf_local,3,wind,collision,500,0.348,0.256,0.452
gcbf_local,5,dense,team_success,500,0.41,0.16395,0.6560499999999998
gcbf_local,5,dense,collision,500,0.126,0.074,0.188
gcbf_local,5,dropout,team_success,500,0.2,0.066,0.352
gcbf_local,5,dropout,collision,500,0.562,0.442,0.686
gcbf_local,5,dynamic,team_success,500,0.156,0.036,0.334
gcbf_local,5,dynamic,collision,500,0.31,0.242,0.392
gcbf_local,5,static,team_success,500,0.156,0.0,0.4320499999999997
gcbf_local,5,static,collision,500,0.018,0.006,0.032
gcbf_local,5,wind,team_success,500,0.176,0.09,0.254
gcbf_local,5,wind,collision,500,0.624,0.558,0.694
gcbf_local,7,dense,team_success,500,0.36,0.16,0.574
gcbf_local,7,dense,collision,500,0.232,0.17,0.302
gcbf_local,7,dropout,team_success,500,0.094,0.01,0.228
gcbf_local,7,dropout,collision,500,0.728,0.58995,0.8480499999999997
gcbf_local,7,dynamic,team_success,500,0.098,0.012,0.246
gcbf_local,7,dynamic,collision,500,0.374,0.282,0.464
gcbf_local,7,static,team_success,500,0.018,0.0,0.056
gcbf_local,7,static,collision,500,0.022,0.002,0.048
gcbf_local,7,wind,team_success,500,0.12,0.06795000000000001,0.18
gcbf_local,7,wind,collision,500,0.78,0.718,0.846
gcbf_local,10,dense,team_success,500,0.032,0.0,0.098
gcbf_local,10,dense,collision,500,0.428,0.36395,0.492
gcbf_local,10,dropout,team_success,500,0.012,0.0,0.032
gcbf_local,10,dropout,collision,500,0.856,0.796,0.91
gcbf_local,10,dynamic,team_success,500,0.028,0.0,0.072
gcbf_local,10,dynamic,collision,500,0.55,0.47,0.63
gcbf_local,10,static,team_success,500,0.004,0.0,0.014
gcbf_local,10,static,collision,500,0.12,0.078,0.172
gcbf_local,10,wind,team_success,500,0.01,0.0,0.022
gcbf_local,10,wind,collision,500,0.894,0.832,0.946
gcbf_local,12,ood_dense,team_success,500,0.0,0.0,0.0
gcbf_local,12,ood_dense,collision,500,1.0,1.0,1.0
gcbf_privileged,3,dense,team_success,500,0.66,0.36,0.836
gcbf_privileged,3,dense,collision,500,0.04,0.006,0.09
gcbf_privileged,3,dropout,team_success,500,0.408,0.22395,0.542
gcbf_privileged,3,dropout,collision,500,0.212,0.144,0.304
gcbf_privileged,3,dynamic,team_success,500,0.336,0.164,0.47
gcbf_privileged,3,dynamic,collision,500,0.134,0.07595,0.2120499999999997
gcbf_privileged,3,static,team_success,500,0.092,0.014,0.224
gcbf_privileged,3,static,collision,500,0.0,0.0,0.0
gcbf_privileged,3,wind,team_success,500,0.374,0.23195000000000002,0.476
gcbf_privileged,3,wind,collision,500,0.364,0.298,0.4420499999999997
gcbf_privileged,5,dense,team_success,500,0.46,0.242,0.65
gcbf_privileged,5,dense,collision,500,0.118,0.082,0.156
gcbf_privileged,5,dropout,team_success,500,0.188,0.08995,0.274
gcbf_privileged,5,dropout,collision,500,0.536,0.444,0.6340499999999998
gcbf_privileged,5,dynamic,team_success,500,0.16,0.07,0.238
gcbf_privileged,5,dynamic,collision,500,0.364,0.286,0.454
gcbf_privileged,5,static,team_success,500,0.1,0.018,0.23
gcbf_privileged,5,static,collision,500,0.03,0.016,0.046
gcbf_privileged,5,wind,team_success,500,0.15,0.078,0.214
gcbf_privileged,5,wind,collision,500,0.698,0.628,0.7660499999999998
gcbf_privileged,7,dense,team_success,500,0.372,0.174,0.53
gcbf_privileged,7,dense,collision,500,0.214,0.162,0.268
gcbf_privileged,7,dropout,team_success,500,0.164,0.072,0.248
gcbf_privileged,7,dropout,collision,500,0.604,0.524,0.6980499999999997
gcbf_privileged,7,dynamic,team_success,500,0.102,0.038,0.168
gcbf_privileged,7,dynamic,collision,500,0.346,0.25,0.48
gcbf_privileged,7,static,team_success,500,0.002,0.0,0.01
gcbf_privileged,7,static,collision,500,0.016,0.006,0.03
gcbf_privileged,7,wind,team_success,500,0.136,0.064,0.2
gcbf_privileged,7,wind,collision,500,0.772,0.698,0.862
gcbf_privileged,10,dense,team_success,500,0.06,0.026,0.094
gcbf_privileged,10,dense,collision,500,0.374,0.32,0.428
gcbf_privileged,10,dropout,team_success,500,0.01,0.002,0.022
gcbf_privileged,10,dropout,collision,500,0.654,0.586,0.726
gcbf_privileged,10,dynamic,team_success,500,0.012,0.0,0.03
gcbf_privileged,10,dynamic,collision,500,0.486,0.394,0.596
gcbf_privileged,10,static,team_success,500,0.0,0.0,0.0
gcbf_privileged,10,static,collision,500,0.08,0.058,0.106
gcbf_privileged,10,wind,team_success,500,0.018,0.002,0.038
gcbf_privileged,10,wind,collision,500,0.844,0.79195,0.902
gcbf_privileged,12,ood_dense,team_success,500,0.0,0.0,0.0
gcbf_privileged,12,ood_dense,collision,500,1.0,1.0,1.0
mappo_local,3,dense,team_success,500,0.0,0.0,0.0
mappo_local,3,dense,collision,500,1.0,1.0,1.0
mappo_local,3,dropout,team_success,500,0.0,0.0,0.0
mappo_local,3,dropout,collision,500,1.0,1.0,1.0
mappo_local,3,dynamic,team_success,500,0.0,0.0,0.0
mappo_local,3,dynamic,collision,500,1.0,1.0,1.0
mappo_local,3,static,team_success,500,0.0,0.0,0.0
mappo_local,3,static,collision,500,1.0,1.0,1.0
mappo_local,3,wind,team_success,500,0.0,0.0,0.0
mappo_local,3,wind,collision,500,1.0,1.0,1.0
mappo_local,5,dense,team_success,500,0.0,0.0,0.0
mappo_local,5,dense,collision,500,1.0,1.0,1.0
mappo_local,5,dropout,team_success,500,0.0,0.0,0.0
mappo_local,5,dropout,collision,500,1.0,1.0,1.0
mappo_local,5,dynamic,team_success,500,0.0,0.0,0.0
mappo_local,5,dynamic,collision,500,1.0,1.0,1.0
mappo_local,5,static,team_success,500,0.0,0.0,0.0
mappo_local,5,static,collision,500,1.0,1.0,1.0
mappo_local,5,wind,team_success,500,0.0,0.0,0.0
mappo_local,5,wind,collision,500,1.0,1.0,1.0
mappo_local,7,dense,team_success,500,0.0,0.0,0.0
mappo_local,7,dense,collision,500,1.0,1.0,1.0
mappo_local,7,dropout,team_success,500,0.0,0.0,0.0
mappo_local,7,dropout,collision,500,1.0,1.0,1.0
mappo_local,7,dynamic,team_success,500,0.0,0.0,0.0
mappo_local,7,dynamic,collision,500,1.0,1.0,1.0
mappo_local,7,static,team_success,500,0.0,0.0,0.0
mappo_local,7,static,collision,500,1.0,1.0,1.0
mappo_local,7,wind,team_success,500,0.0,0.0,0.0
mappo_local,7,wind,collision,500,1.0,1.0,1.0
mappo_local,10,dense,team_success,500,0.0,0.0,0.0
mappo_local,10,dense,collision,500,1.0,1.0,1.0
mappo_local,10,dropout,team_success,500,0.0,0.0,0.0
mappo_local,10,dropout,collision,500,1.0,1.0,1.0
mappo_local,10,dynamic,team_success,500,0.0,0.0,0.0
mappo_local,10,dynamic,collision,500,1.0,1.0,1.0
mappo_local,10,static,team_success,500,0.0,0.0,0.0
mappo_local,10,static,collision,500,1.0,1.0,1.0
mappo_local,10,wind,team_success,500,0.0,0.0,0.0
mappo_local,10,wind,collision,500,1.0,1.0,1.0
mappo_local,12,ood_dense,team_success,500,0.0,0.0,0.0
mappo_local,12,ood_dense,collision,500,1.0,1.0,1.0
mappo_privileged,3,dense,team_success,500,0.0,0.0,0.0
mappo_privileged,3,dense,collision,500,1.0,1.0,1.0
mappo_privileged,3,dropout,team_success,500,0.0,0.0,0.0
mappo_privileged,3,dropout,collision,500,1.0,1.0,1.0
mappo_privileged,3,dynamic,team_success,500,0.0,0.0,0.0
mappo_privileged,3,dynamic,collision,500,1.0,1.0,1.0
mappo_privileged,3,static,team_success,500,0.0,0.0,0.0
mappo_privileged,3,static,collision,500,1.0,1.0,1.0
mappo_privileged,3,wind,team_success,500,0.0,0.0,0.0
mappo_privileged,3,wind,collision,500,1.0,1.0,1.0
mappo_privileged,5,dense,team_success,500,0.0,0.0,0.0
mappo_privileged,5,dense,collision,500,1.0,1.0,1.0
mappo_privileged,5,dropout,team_success,500,0.0,0.0,0.0
mappo_privileged,5,dropout,collision,500,1.0,1.0,1.0
mappo_privileged,5,dynamic,team_success,500,0.0,0.0,0.0
mappo_privileged,5,dynamic,collision,500,1.0,1.0,1.0
mappo_privileged,5,static,team_success,500,0.0,0.0,0.0
mappo_privileged,5,static,collision,500,1.0,1.0,1.0
mappo_privileged,5,wind,team_success,500,0.0,0.0,0.0
mappo_privileged,5,wind,collision,500,1.0,1.0,1.0
mappo_privileged,7,dense,team_success,500,0.0,0.0,0.0
mappo_privileged,7,dense,collision,500,1.0,1.0,1.0
mappo_privileged,7,dropout,team_success,500,0.0,0.0,0.0
mappo_privileged,7,dropout,collision,500,1.0,1.0,1.0
mappo_privileged,7,dynamic,team_success,500,0.0,0.0,0.0
mappo_privileged,7,dynamic,collision,500,1.0,1.0,1.0
mappo_privileged,7,static,team_success,500,0.0,0.0,0.0
mappo_privileged,7,static,collision,500,1.0,1.0,1.0
mappo_privileged,7,wind,team_success,500,0.0,0.0,0.0
mappo_privileged,7,wind,collision,500,1.0,1.0,1.0
mappo_privileged,10,dense,team_success,500,0.0,0.0,0.0
mappo_privileged,10,dense,collision,500,1.0,1.0,1.0
mappo_privileged,10,dropout,team_success,500,0.0,0.0,0.0
mappo_privileged,10,dropout,collision,500,1.0,1.0,1.0
mappo_privileged,10,dynamic,team_success,500,0.0,0.0,0.0
mappo_privileged,10,dynamic,collision,500,1.0,1.0,1.0
mappo_privileged,10,static,team_success,500,0.0,0.0,0.0
mappo_privileged,10,static,collision,500,1.0,1.0,1.0
mappo_privileged,10,wind,team_success,500,0.0,0.0,0.0
mappo_privileged,10,wind,collision,500,1.0,1.0,1.0
mappo_privileged,12,ood_dense,team_success,500,0.0,0.0,0.0
mappo_privileged,12,ood_dense,collision,500,1.0,1.0,1.0
